Supplier,Domain,Product Name,Catalog #,Type,Bands,Sizes (kDa),Product URL,PDF
Accuris,accuris-usa.com,SmartCheck™ Tri-Color Extended Range Plus Protein Marker,PR5013-TC (2 × 250 µl),"Prestained, three-color (Tri-Color)",13,"Range 5–245 kDa (Tris-Glycine; 3.5–235 kDa in Bis-Tris). Reference bands: green at 25 kDa, red at 75 kDa; remaining bands blue.",https://accuris-usa.com/Products/smartcheck-protein-markers/,"Accuris_PR5000TC_Manual.pdf, Accuris_PR5000_series_Brochure.pdf"
Accuris,accuris-usa.com,SmartCheck™ Tri-Color Extended Range Protein Marker,PR5012-TC (2 × 250 µl),"Prestained, three-color (Tri-Color)",12,"Range 9–245 kDa. Reference bands: green at 25 kDa, red at 75 kDa; remaining bands blue.",https://accuris-usa.com/Products/smartcheck-protein-markers/,"Accuris_PR5000TC_Manual.pdf, Accuris_PR5000_series_Brochure.pdf"
Accuris,accuris-usa.com,SmartCheck™ Tri-Color Protein Marker,PR5010-TC (2 × 250 µl),"Prestained, three-color (Tri-Color)",10,"Range 9–180 kDa. Reference bands: green at 25 kDa, red at 75 kDa; remaining bands blue.",https://accuris-usa.com/Products/smartcheck-protein-markers/,"Accuris_PR5000TC_Manual.pdf, Accuris_PR5000_series_Brochure.pdf"
Accuris,accuris-usa.com,SmartCheck™ All Blue Regular Range Plus Protein Marker,PR5011-BL (2 × 250 µl),"Prestained, single blue chromophore",11,Range 9–180 kDa. Two enhanced-intensity reference bands at 25 kDa and 72 kDa.,https://accuris-usa.com/Products/smartcheck-protein-markers/,Accuris_PR5000_series_Brochure.pdf
Accuris,accuris-usa.com,SmartCheck™ All Blue Regular Range Protein Marker,PR5010-BL (2 × 250 µl),"Prestained, single blue chromophore",10,Range 9–180 kDa. Two enhanced-intensity reference bands at 25 kDa and 72 kDa.,https://accuris-usa.com/Products/smartcheck-protein-markers/,Accuris_PR5000_series_Brochure.pdf
Azura-Genomics,azuragenomics.com,PureView™ Prestained Protein Ladder,"AZ-1141 (1 × 500 µl), AZ-1142 (2 × 500 µl), AZ-1142-2 (4 × 500 µl)","Ready-to-use prestained protein ladder, three-color (tricolor) protein standard",13,"Range 5–245 kDa in Tris-Glycine buffer (3.5–235 kDa in Bis-Tris MOPS/MES). Two reference bands: green at 25 kDa, red at 75 kDa; remaining 11 bands blue. (Per-band masses in Table 1 of the manual — migration-chart table across buffer systems.)",https://www.azuragenomics.com/products/pureview-prestained-protein-ladder,"Azura_PureView_AZ1141_manual.pdf, Azura_ladders_product_sheet.pdf"
Bio-Rad,https://www.bio-rad.com,Precision Plus Protein All Blue Standards,1610373 (also 1610374 value pack / 1610393 mini-pack family),Prestained (All Blue; 10 blue-stained recombinant proteins),"10 (range 10–250 kDa; reference bands at 25, 50, 75 kDa)","10, 15, 20, 25, 37, 50, 75, 100, 150, 250",https://www.bio-rad.com/en-us/sku/1610373-precision-plus-protein-all-blue-standards,pdfs/BioRad_AllBlue_1610373_manual.pdf ✓ (downloaded via browser)
Bio-Rad,https://www.bio-rad.com,Precision Plus Protein Dual Color Standards,1610374,Prestained Dual Color (8 blue + 2 pink reference bands),10 (range 10–250 kDa),"10, 15, 20, 25, 37, 50, 75, 100, 150, 250 (pink references at 25 & 75 kDa)",https://www.bio-rad.com/en-us/sku/1610374-precision-plus-protein-dual-color-standards,- Instruction Manual https://www.bio-rad.com/webroot/web/pdf/lsr/literature/4110025.pdf (403 — not saved)
Bio-Rad,https://www.bio-rad.com,Precision Plus Protein Unstained Standards (Strep-tagged),1610363,"Unstained (recombinant, Strep-tag affinity handle)","10 (range 10–250 kDa; reference bands at 25, 50, 75 kDa)","10, 15, 20, 25, 37, 50, 75, 100, 150, 250",https://www.bio-rad.com/en-us/sku/1610363-precision-plus-protein-unstained-standards,- Instruction Manual https://www.bio-rad.com/webroot/web/pdf/lsr/literature/Bulletin_4110023.pdf (403 — not saved)
Bio-Rad,https://www.bio-rad.com,Precision Plus Protein WesternC Blotting Standards,1610376,Western blotting standard (combination of stained Dual Color + unstained Strep-tag proteins; for chemiluminescent/fluorescent western visualization with StrepTactin-HRP),"10 (range 10–250 kDa; three pink reference bands at 25, 50, 75 kDa)","10, 15, 20, 25, 37, 50, 75, 100, 150, 250",https://www.bio-rad.com/en-us/sku/1610376-precision-plus-protein-westernc-standards,- Instruction Manual (standards) https://www.bio-rad.com/webroot/web/pdf/lsr/literature/10008761.pdf (403 — not saved)
Bio-Rad,https://www.bio-rad.com,Precision Plus Protein Kaleidoscope Standards,1610395 (value pack; also 1610393 single),Prestained Kaleidoscope (multicolored recombinant proteins),10,"10, 15, 20, 25, 37, 50, 75, 100, 150, 250",https://www.bio-rad.com/en-us/sku/1610395-precision-plus-protein-kaleidoscope-prestained-standards,Instruction Manual https://www.bio-rad.com/webroot/web/pdf/lsr/literature/4110182.pdf (403 — not saved)
Bio-Rad,https://www.bio-rad.com,"Silver Stain SDS-PAGE Standards (Low Range), natural",1610314,Unstained natural proteins (for silver stain / Coomassie; broad-use SDS-PAGE),6,"range 14.4–97.4 (commonly 14.4, 21.5, 31, 45, 66.2, 97.4 — natural bovine proteins; intermediate exact values not enumerated on page)",https://www.bio-rad.com/en-us/sku/1610314,not enumerated
Bioneer,bioneer.com (English catalog: eng.bioneer.com / US shop: us.bioneer.com),AccuLadder™ 3-color Prestained Protein size marker (Broad),D-2030 (500 µl),"Prestained, three-color (25 kDa = green, 75 kDa = red, other 10 bands blue)",12,range 11–245 kDa (exact 12-band ladder is image-based; reference bands documented at 25 kDa green and 75 kDa red),https://eng.bioneer.com/20-d-2030.html,Bioneer_D2030_manual.pdf (https://eng.bioneer.com/literatures/manual/LaddersandMarkers/PM_Prestained_protein_marker_EN.pdf)
Biotium,biotium.com,Peacock™ Prestained Protein Marker,"21530-50uL (50 µl), 21530-500uL (500 µl)","Prestained, three-color protein ladder",10 (8 blue bands + orange reference + green reference),"Range 10–180 kDa. Reference bands: orange at ~75 kDa (also labeled ~72 kDa on some gels), green at 25 kDa. (Individual blue band masses shown in migration chart Figure 1 of PI PDF.)",https://biotium.com/product/peacock-prestained-protein-marker/,- PDF: Biotium_Peacock_21530_PI.pdf
Biotium,biotium.com,Peacock™ Plus Prestained Protein Marker,"21531-50uL (50 µl), 21531-500uL (500 µl)","Prestained, three-color protein ladder",12 (10 blue bands + orange reference + green reference),"Range 8–245 kDa. Reference bands: orange at ~75 kDa, green at 25 kDa. (Individual blue band masses shown in migration chart Figure 1 of PI PDF.)",https://biotium.com/product/peacock-plus-prestained-protein-marker/,- PDF: Biotium_PeacockPlus_21531_PI.pdf
Biozym,biozym.com,TriColor Protein Ladder (10 - 180 kDa),350900201,Prestained (tricolor),10,"10-180 (reference bands approx. 25, 75)",https://www.biozym.com/biochemikalien/proteinbiologie/protein-marker/tricolor-protein-ladder-10-180-kda,
Biozym,biozym.com,TriColor Broad Protein Ladder (3.5 - 245 kDa),350900101,Prestained (tricolor),13,"3.5-245 (reference bands approx. 25, 75)",https://www.biozym.com/biochemikalien/proteinbiologie/protein-marker/tricolor-broad-protein-ladder-3.5-245-kda,
Biozym,biozym.com,ProSieve QuadColor Protein Marker (4.6 - 300 kDa),830537 (Biozym) / 00191770 (Lonza),Prestained (quadcolor),11,4.6-300,https://www.biozym.com/biochemikalien/proteinbiologie/protein-marker/prosieve-quadcolor-protein-marker-4.6-300-kda,
Carl_Roth,carlroth.com,PiNK Plus Prestained Protein Ladder,**1GG5.1**,"**Prestained, multicolor** (pink/blue multicolor)","**11 bands**, range **10–175 kDa**","blue-stained reference bands at ~10, 40 and 90 kDa (full per-band",https://www.carlroth.com/com/en/protein-markers-prestained/pink-plus-prestained-protein-ladder/p/1gg5.1,`CarlRoth_PinkPlus_1GG5_Spec.pdf`
Carl_Roth,carlroth.com,BlueRAY Prestained Protein Ladder,**1GG6.1**,"**Prestained, three-color** (blue + green ref @25 kDa + red ref @75 kDa)","**10 bands**, range **10–180 kDa**","green ref @25, red ref @75 (others blue)",https://www.carlroth.com/com/en/protein-markers-prestained/blueray-prestained-protein-ladder/p/1gg6.1,`CarlRoth_BlueRay_1GG6_Spec.pdf`
Carl_Roth,carlroth.com,BLUeye Prestained Protein Ladder,**1GG7.1**,"**Prestained, three-color** (blue + green ref @25 kDa + red ref @75 kDa)","**12 bands**, range **10–245 kDa**","green ref @25, red ref @75",https://www.carlroth.com/com/en/protein-markers-prestained/blueye-prestained-protein-ladder/p/1gg7.1,`CarlRoth_BlueEye_1GG7_Spec.pdf`
Carl_Roth,carlroth.com,BLUelf Prestained Protein Ladder,**1GG8.1**,"**Prestained, three-color** (blue + green ref @25 kDa + red ref @75 kDa)","**13 bands**, range **3.5–245 kDa** (widest range)","green ref @25, red ref @75",https://www.carlroth.com/com/en/protein-markers-prestained/bluelf-prestained-protein-ladder/p/1gg8.1,`CarlRoth_BlueElf_1GG8_Spec.pdf`
Carl_Roth,carlroth.com,BlueAQUA Prestained Protein Ladder,**1GG9.1**,"**Prestained, single-color (all blue)** — enhanced-intensity reference","**11 bands**, range **10–180 kDa**",enhanced-intensity ref bands @25 and @72 kDa,https://www.carlroth.com/com/en/protein-markers-prestained/blueaqua-prestained-protein-ladder/p/1gg9.1,`CarlRoth_BlueAqua_1GG9_Spec.pdf`
Dongsheng_GDSBio,gdsbio.cn,15-180KD Prestained Protein Ladder,D1011-A (250 µl) / D1011-B,"Prestained, multi-color (blue + orange)",8,"15, 25, 35, 40, 55, 70, 100, 180",https://gdsbio.cn/product/product-22457-103642,GDSBio_D1011_15-180KD.pdf (https://gdsbio.cn/wp-content/uploads/2025/03/D1011-A15-180KDPrestainedProteinLadderV1.0.pdf)
Dongsheng_GDSBio,gdsbio.cn,10-250KD Prestained Protein Ladder,D1012-A / D1012-B,"Prestained, multi-color (blue + orange + green)",10,"10, 15, 25, 35, 40, 55, 70, 100, 150, 250",https://gdsbio.cn/product/product-22457-103645,GDSBio_D1012_10-250KD.pdf (https://gdsbio.cn/wp-content/uploads/2025/03/D1012-AD1012-B10-250KDPrestainedProteinLadderV1.0.pdf)
Dongsheng_GDSBio,gdsbio.cn,10-180KD Prestained Protein Ladder,D1013-A / D1013-B,"Prestained, multi-color (blue + orange + green)",10,"10, 15, 25, 35, 40, 55, 70, 100, 130, 180",https://gdsbio.cn/product/product-22457-103646,GDSBio_D1013_10-180KD.pdf (https://gdsbio.cn/wp-content/uploads/2025/03/D1013-AD1013-B10-180KDPrestainedProteinLadderV1.0.pdf)
Dongsheng_GDSBio,gdsbio.cn,10-250KD 预染显影蛋白Marker (Prestained + Western-Blot Developable Protein Marker),D1014-A / D1014-B,"Hybrid — 10 prestained bands (blue/orange/green) + 2 unstained IgG-binding bands (30, 80 kDa) detectable by Western Blot chemiluminescence and Coomassie staining",12,"10, 15, 25, 30, 35, 40, 55, 70, 80, 100, 150, 250 (range 10–250 kDa)",https://gdsbio.cn/product/product-22457-103647,GDSBio_D1014_10-250KD_WB.pdf (https://gdsbio.cn/wp-content/uploads/2025/03/D1014-AD1014-B10-250KDMarkerV1.0.pdf)
EURx,eurx.com.pl,Perfect™ Tricolor Protein Ladder,E3210 / E3210-01 (50 loadings),"Prestained, three-color (25 kDa = green, 75 kDa = orange, others blue)",12,"11, 17, 20, 25, 35, 48, 63, 75, 100, 135, 180, 245 (range 11–245 kDa)",https://eurx.com.pl/product/e3210/,EURx_E3210_Tricolor.pdf (https://eurx.com.pl/docs/specs/en/e3210.pdf)
EURx,eurx.com.pl,Perfect™ Rainbow Protein Ladder (prestained),E3212 / E3212-01 (50 loadings),"Prestained, multi-color (15 kDa = yellow, 25 kDa = green, 80 kDa = red, 250 kDa = purple, others blue)",13,"5, 11, 15, 20, 25, 36, 50, 58, 80, 110, 135, 180, 250 (range 5–250 kDa)",https://eurx.com.pl/product/e3212/,EURx_E3212_Rainbow.pdf (https://eurx.com.pl/docs/specs/en/e3212.pdf)
EURx,eurx.com.pl,Perfect™ Amber Protein Ladder (prestained),E3214 / E3214-01 (100 loadings),"Prestained, multi-color (15 kDa = yellow, 25 kDa = green, 75 kDa = purple, 255 kDa = orange, others blue)",12,"11, 15, 20, 25, 36, 50, 58, 75, 110, 115, 180, 255 (range 11–255 kDa)",https://eurx.com.pl/product/e3214/,EURx_E3214_Amber.pdf (https://eurx.com.pl/docs/specs/en/e3214.pdf)
Epizyme,epizyme.cn,三色预染蛋白Marker 10 kDa~180 kDa (Tri-Color Prestained),WJ107 / WJ107L,"Prestained, three-color",10,"10, 15, 25, 35, 40, 55, 70, 100, 130, 180",https://www.epizyme.cn/Products/Details/25016,pdfs/Epizyme_WJ107_manual.pdf
Epizyme,epizyme.cn,双色预染蛋白Marker 15 kDa~150 kDa (Dual-Color Prestained),WJ101 / WJ101L,"Prestained, dual-color",9,"15, 20, 25, 35, 40, 50, 70, 100, 150",https://www.epizyme.cn/Products/Details/1070,pdfs/Epizyme_WJ101_manual.pdf
Epizyme,epizyme.cn,双色预染蛋白Marker 10 kDa~250 kDa (Dual-Color Prestained),WJ102 / WJ102L,"Prestained, dual-color",11,"10, 15, 20, 25, 35, 40, 50, 70, 100, 150, 250",https://www.epizyme.cn/Products/Details/1071,说明书 171527059154.pdf (与WJ101同册)
Epizyme,epizyme.cn,三色预染蛋白Marker 10 kDa~250 kDa (Tri-Color Prestained),WJ103 / WJ103L,"Prestained, three-color",11,"10, 15, 20, 25, 35, 40, 50, 70, 100, 150, 250",https://www.epizyme.cn/Products/Details/1073,说明书 171527059154.pdf (与WJ101同册)
Epizyme,epizyme.cn,双色预染蛋白Marker 10kDa~250kDa (近红外荧光成像),WJ106 / WJ106L,"Prestained, dual-color, NIR",11,"10, 15, 20, 25, 35, 40, 50, 70, 100, 150, 250",https://www.epizyme.cn/Products/Details/1072,说明书 171527059154.pdf (与WJ101同册)
Epizyme,epizyme.cn,双色预染低分子量蛋白分子量标准 1.2~40 kDa (Tricine),WJ402 / WJ402L,"Prestained, dual-color, low-MW",7,"1.2, 4.2, 7.5, 15, 20, 30, 40",https://www.epizyme.cn/Products/Details/26632,pdfs/Epizyme_WJ402_manual.pdf
Epizyme,epizyme.cn,非预染蛋白Marker (Unstained Protein Ladder),WJ201,Unstained,10,"10, 15, 20, 25, 35, 50, 70, 100, 150, 235",https://www.epizyme.cn/Products/Details/1075,pdfs/Epizyme_WJ201_manual.pdf
FroggaBio,froggabio.com,BLUelf Prestained Protein Ladder (group page),PM008-R500G / PM008-R500M,Prestained,12,"10-245 (reference bands approx. 25, 75)",https://www.froggabio.com/globalstoreview/bluelf-group.html,
FroggaBio,froggabio.com,BLUelf Prestained Protein Ladder (500 µl),PM008-R500G,Prestained,,"10-245 (reference bands approx. 25, 75)",https://www.froggabio.com/globalstoreview/bluelf-prestained-protein-ladder-pm008-r500g.html,
FroggaBio,froggabio.com,IRIS11 Prestained Protein Ladder,IRIS11,Prestained,,11 bands (approx. 10-245),https://www.froggabio.com/globalstoreview/iris11-prestained-protein-ladder-1.html,
G-Biosciences,"gbiosciences.com (A Geno Technology, Inc. brand)",PAGEmark™ Tricolor PLUS Protein Markers,786-419,"Prestained, three-color (Tricolor)",13,"Wide range 5–245 kDa in Tris-Glycine buffer (3.5–235 kDa in Bis-Tris). Reference bands: green at 25 kDa, red at 75 kDa. (Individual 13 band masses not enumerated separately in protocol text.)",https://www.gbiosciences.com/Protein-Markers/PAGEmark-Protein-Markers,"GBiosciences_PAGEmarkTricolorPLUS_786-419_protocol.pdf, GBiosciences_PAGEmarkTricolorPLUS_786-419_SDS.pdf"
G-Biosciences,"gbiosciences.com (A Geno Technology, Inc. brand)",PAGEmark™ Blue PLUS Protein Markers,786-418,Prestained (single blue chromophore),12,Wide range 10–240 kDa in Tris-Glycine buffer (9–235 kDa in Bis-Tris MOPS/MES). Two enhanced-intensity reference bands: 25 kDa and 72 kDa. (Individual 12 band masses not enumerated separately in protocol text.),https://www.gbiosciences.com/Protein-Markers/PAGEmark-Protein-Markers,"GBiosciences_PAGEmarkBluePLUS_786-418_protocol.pdf, GBiosciences_PAGEmarkBluePLUS_786-418_SDS.pdf"
GenDEPOT,www.gendepot.com,Xpert Plus Prestained Protein Marker (P8507-050),P8507-050,"Pre-stained, ready-to-use (3-color: blue chromophore + 2 orange + 1 purple reference bands). Broad range 10–250 kDa.",11,"10, 14, 18, 26, 36, 49, 64, 75, 110, 150, 250",https://gendepot.com/products/xpert-plus-prestained-protein-marker,"GenDEPOT_P8507_Insert.pdf (product insert), GenDEPOT_P8507_SDS.pdf (SDS)"
GenScript,genscript.com,Broad Multi Color Pre-Stained Protein Standard,"M00624 (also sold as M00624-250, 250 µl size)","Pre-stained, Multicolor (orange / green / blue bands)",10,"10–270 kDa range. Reference bands: 30 kDa (orange), 270 kDa (orange), 50 kDa (green); remaining bands blue. (Specific kDa values for all 10 bands not fully enumerated in page text — full list in downloaded manual PDF.)",https://www.genscript.com/molecule/M00624-Broad_Multi_Color_Pre-Stained_Protein_Standard.html,- PDF: GenScript_BroadMultiColor_M00624_manual.pdf
GenScript,genscript.com,PAGE-MASTER Protein Standard Plus,"MM1397 (MM1397-500, 500 µl)",Partially pre-stained (2 blue pre-stained reference bands at 15 & 50 kDa + 7 unstained bands),9,"10, 15, 20, 30, 40, 50, 60, 80, 120 (15 kDa & 50 kDa are pre-stained blue)",https://www.genscript.com/molecule/MM1397-PAGE_MASTER_Protein_Standard_Plus.html,GenScript_PAGEMasterPlus_MM1397_manual.pdf
GenScript,genscript.com,PAGE-MASTER Protein Standard (for SDS-PAGE),M00516,Unstained protein standard,7,"10, 20, 30, 40, 60, 80, 120",https://www.genscript.com/molecule/M00516-PAGE_MASTER_Protein_Standard_for_SDS_PAGE_.html,GenScript_PAGEMaster_M00516_manual.pdf
GenScript,genscript.com,WB-MASTER Protein Standard,M00521,"Unstained, Western Blot protein standard (recombinant proteins with IgG binding site for antibody-based visualization)",7,"20, 30, 40, 50, 60, 80, 120",https://www.genscript.com/molecule/M00521-WB_MASTER_Protein_Standard.html,GenScript_WBMaster_M00521_manual.pdf
Gold-Biotechnology,goldbio.com,"BLUEstain™ 2 Protein Ladder, 5-245 kDa",P008 (P008-500 = 500 µl size),"Prestained, three-color (tri-color) protein standard",13,"Range 3.5–245 kDa. Reference bands: green at 25 kDa, red at 75 kDa; all other bands blue. (Individual 13 band masses shown graphically in TDS/Comparison chart — see PDFs.)",https://www.goldbio.com/products/bluestain-2-protein-ladder-5-245-kda,"- PDF: GoldBio_BLUEstain2_P008_TDS.pdf, GoldBio_Ladder_Comparison.pdf"
Gold-Biotechnology,goldbio.com,"BLUEstain™ Protein Ladder, 11-245 kDa",P007 (P007-500 = 500 µl size),"Prestained, three-color (tri-color) protein standard",12,"Range 10–245 kDa. Reference bands: green at 25 kDa, red at 75 kDa; other bands blue. (Individual masses in TDS PDF.)",https://www.goldbio.com/products/bluestain-protein-ladder-11-245-kda,"- PDF: GoldBio_BLUEstain_P007_TDS.pdf, GoldBio_Ladder_Comparison.pdf"
Gold-Biotechnology,goldbio.com,"BLUEstain™ Low Range Protein Ladder, 2-40 kDa",P002 (P002-250 = 250 µl size),"Prestained, tri-color protein standard",6,"Range 2–40 kDa. Reference bands: red at 40 kDa, green at 10 kDa; additional visible bands below 10 kDa. (Individual masses in Comparison chart PDF.)",https://www.goldbio.com/products/bluestain-low-range-protein-ladder,- PDF: GoldBio_Ladder_Comparison.pdf
Jena_Bioscience,jenabioscience.com,BlueRay Prestained Protein Marker (10–180 kDa),**PS-103**,"**Prestained, three-color** (blue proteins; green ref @25 kDa, red ref @75 kDa)","**10 bands**, range **10–180 kDa**",individual band sizes shown on migration-pattern image (not in,https://www.jenabioscience.com/molecular-biology/enzymes-protein-markers/protein-markers/ps-103-blueray-prestained-protein-marker-10-180kda,"`JenaBioscience_BlueRay_PS-103_Datasheet.pdf`,"
Jena_Bioscience,jenabioscience.com,BlueEye Prestained Protein Marker (10–245 kDa),**PS-104**,"**Prestained, three-color** (blue + green ref @25 kDa, red ref @75 kDa)","**12 bands**, range **10–245 kDa**",see migration-pattern image; refs at 25 (green) & 75 (red) kDa,https://www.jenabioscience.com/molecular-biology/enzymes-protein-markers/protein-markers/ps-104-blueeye-prestained-protein-marker-10-245kda,"`JenaBioscience_BlueEye_PS-104_Datasheet.pdf`,"
Jena_Bioscience,jenabioscience.com,BlueElf Prestained Protein Marker (5–245 kDa),**PS-105**,"**Prestained, three-color** (blue + green ref @25 kDa, red ref @75 kDa)","**13 bands**, range **5–245 kDa** (widest range of the four)",see migration-pattern image; refs at 25 (green) & 75 (red) kDa,https://www.jenabioscience.com/molecular-biology/enzymes-protein-markers/protein-markers/ps-105-blueelf-prestained-protein-marker-5-245kda,"`JenaBioscience_BlueElf_PS-105_Datasheet.pdf`,"
Jena_Bioscience,jenabioscience.com,BlueClassic Prestained Protein Marker (10–180 kDa),**PS-107**,"**Prestained, single-color (all blue)** — budget/economy option","**10 bands**, range **10–180 kDa**",see migration-pattern image (no green/red reference bands),https://www.jenabioscience.com/molecular-biology/enzymes-protein-markers/protein-markers/ps-107-blueclassic-prestained-protein-marker-10-180kda,"`JenaBioscience_BlueClassic_PS-107_Datasheet.pdf`,"
Lonza,lonza.com (shop: bioscience.lonza.com),ProSieve QuadColor Protein Marker  (CURRENT),**00193837** (Lonza internal ID `000000000000193837`),"**Prestained, 4-color** (four different dyes)",**12 bands**,"**4.6, 10, 15, 25, 40, 55, 70, 100, 140, 170, 250, 300 kDa**",https://bioscience.lonza.com/lonza_bs/US/en/Electrophoresis/p/000000000000193837/ProSieve-QuadColor-Protein-Marker,`Lonza_ProSieveQuadColorProteinMarker_Instructions.pdf`
MilliporeSigma,https://www.sigmaaldrich.com (also https://www.emdmillipore.com),ColorBurst Electrophoresis Marker,C1992,"Prestained (blue/colored, ready-to-use)",~9 (range ~14–220 kDa),"~15, 25, 35, 50, 75, 100, 150, 220 (approximate; lot-calibrated)",https://www.sigmaaldrich.com/US/en/product/sigma/c1992 (could not scrape — timed out),Product Information Sheet expected at https://www.sigmaaldrich.com/deepweb/assets/sigmaaldrich/product/documents/102/829/c1992pis.pdf (unreachable)
MilliporeSigma,https://www.sigmaaldrich.com (also https://www.emdmillipore.com),"Prestained Protein Marker, Broad Range (Sigma / Novex-style)","M0531 (Prestained Protein Marker, recombinant)",Prestained,~10 (range ~10–180 kDa),"~10, 17, 25, 35, 48, 65, 85, 110, 140, 180 (approximate)",https://www.sigmaaldrich.com/US/en/product/sigma/m0531 (timed out),PI sheet unreachable
MilliporeSigma,https://www.sigmaaldrich.com (also https://www.emdmillipore.com),GE/Amersham / Cytiva HMW & LMW Calibration Kits (distributed by Sigma),"HMW-CEF / CFA (HMW Calibration Kit), LMW-CEF / CFA (LMW Calibration Kit) — also MWGF200 (HMW), MWGF100 (LMW)","Unstained (size-exclusion / SDS-PAGE calibration standards, natural)",,,,
NewEnglandBiolabs,https://www.neb.com (product pages 301-redirect to neb.cn in this environment; both reachable via curl),"Unstained Protein Standard, Broad Range (10–200 kDa)",P7717 (NEB # P7717; direct replacement of legacy P7706/P7708 lines),Unstained (pure recombinant proteins),12 (range 10–200 kDa),"10, 15, 20, 25, 35, 50, 70, 100, 120, 150, 200 (and a small ~3 kDa reference per NEB chart; band set per published spec)",https://www.neb.com/en-us/products/p7717-unstained-protein-standard-broad-range-10-200-kda,pdfs/NEB_P7717_Unstained_COA.pdf (lot-specific; ~100 KB)
NewEnglandBiolabs,https://www.neb.com (product pages 301-redirect to neb.cn in this environment; both reachable via curl),"Blue Prestained Protein Standard, Broad Range (11–250 kDa)","P7718 (direct replacement of legacy NEB# P7706, 11–190 kDa)","Prestained (blue; covalently coupled blue chromophore, recombinant)",11 (range 11–250 kDa),"11, 17, 25, 35, 50, 70, 90, 130, 170, 220, 250 (per NEB chart/spec)",https://www.neb.com/en-us/products/p7718-blue-prestained-protein-standard-broad-range-11-250-kda,pdfs/NEB_P7718_BluePrestained_COA.pdf (~68 KB)
NewEnglandBiolabs,https://www.neb.com (product pages 301-redirect to neb.cn in this environment; both reachable via curl),"Color Prestained Protein Standard, Broad Range (10–250 kDa)",P7719,"Prestained multicolor (recombinant, multi-chromophore)",11 (range 10–250 kDa),"10, 15, 25, 35, 50, 70, 100, 140, 180, 220, 250 (per NEB chart/spec; two reference bands intensified)",https://www.neb.com/en-us/products/p7719-color-prestained-protein-standard-broad-range-10-250-kda,pdfs/NEB_P7719_ColorPrestained_COA.pdf (~104 KB)
OriGene,origene.com,MYC/DDK Tagged Western Blot Molecular Weight Markers,MWM1001,"Western Blot / Immunoprecipitation reagent — antibody-detectable molecular weight markers (NOT a prestained gel ladder). Consists of 5 over-expressed cell lysates with Myc/DDK tags, detected via anti-Myc / anti-DDK antibodies.",5,Range 23–158 kDa. (Specific 5 band masses shown in western blot image; not enumerated as text in datasheet.),https://www.origene.com/catalog/others/molecular-tools/mwm1001-mycddk-tagged-western-blot-molecular-weight-markers,OriGene_MWM1001_datasheet.pdf
Promega,https://www.promega.com (geo-redirects to https://www.promega.com.cn in this environment),"Protein Molecular Weight Marker, Broad Range",V8491 / V849A (also V8495 / V849B pack variants) — primary SKU **V8491**,Unstained (natural proteins; for SDS-PAGE / Coomassie or silver stain),~8 (range ~20–120 kDa / 15–150 kDa depending on spec),"~20, 30, 40, 50, 60, 80, 100, 120 (natural-protein mix; verify on current COA)",https://www.promega.com/products/protein-analysis/protein-purification-and-detection/protein-molecular-weight-markers/catnum-v8491/,Product Information sheet (TB-style) — direct PDF host returned 404; not saved.
Promega,https://www.promega.com (geo-redirects to https://www.promega.com.cn in this environment),"Protein Molecular Weight Marker, Mid Range",V849C (Mid Range) — also packaged as V849A,Unstained (natural proteins),~7 (range ~14–66 kDa),"~14, 21, 31, 45, 66 (BSA/ovalbumin/CA typical mix — confirm on Promega PI)",https://www.promega.com/products/protein-analysis/protein-purification-and-detection/protein-molecular-weight-markers/,not retrievable.
Promega,https://www.promega.com (geo-redirects to https://www.promega.com.cn in this environment),"Protein Molecular Weight Markers, Biotinylated",V8495 (Biotinylated marker set) / also W1501-family variants,Biotinylated (for use with streptavidin-HRP chemiluminescent western detection),variable (~8 across broad range),broad-range set; confirm on Promega PI,https://www.promega.com/products/protein-analysis/protein-purification-and-detection/protein-molecular-weight-markers/,not retrievable.
SERVA,"serva.de (SERVA Electrophoresis GmbH, Heidelberg, Germany)","Protein Test Mixture 6 for SDS PAGE  (unstained, lyophilized)",**39207.01**,"Unstained, lyophilized natural-protein mixture",,,,
SERVA,"serva.de (SERVA Electrophoresis GmbH, Heidelberg, Germany)","Protein Test Mixture 4 for SDS PAGE  (unstained, lyophilized)",**39208.01**,"Unstained, lyophilized natural-protein mixture",,,,
SERVA,"serva.de (SERVA Electrophoresis GmbH, Heidelberg, Germany)","Protein Test Mixture 5 for SDS PAGE  (unstained, lyophilized)",**39209.01**,"Unstained, lyophilized natural-protein mixture",,,,
SERVA,"serva.de (SERVA Electrophoresis GmbH, Heidelberg, Germany)","SERVA Unstained SDS PAGE Protein Marker, 6.5–97 kDa  (liquid mix)",**39214.01**,"**Unstained**, ready-to-use liquid",,,,
SERVA,"serva.de (SERVA Electrophoresis GmbH, Heidelberg, Germany)",SERVA Unstained Protein Standard IV,**39250.01**,"**Unstained**, ready-to-use liquid",,,,
SERVA,"serva.de (SERVA Electrophoresis GmbH, Heidelberg, Germany)",SERVA Triple Color Standard I,**39251.01**,"**Prestained, three-color** (covalently stained; for monitoring run +",,,,
SERVA,"serva.de (SERVA Electrophoresis GmbH, Heidelberg, Germany)",SERVA Triple Color Protein Standard II,**39257.01**,"**Prestained, three-color**",,,,
SERVA,"serva.de (SERVA Electrophoresis GmbH, Heidelberg, Germany)",SERVA Triple Color Protein Standard III,**39258.01**,"**Prestained, three-color**",,,,
SERVA,"serva.de (SERVA Electrophoresis GmbH, Heidelberg, Germany)",SERVA Fluo-610 Standard I,**39261.01**,**Fluorescent** protein standard (for fluorescence staining/labelling,,,,
SERVA,"serva.de (SERVA Electrophoresis GmbH, Heidelberg, Germany)","Protein Molecular Weight Standards  (native, 8-protein set)",(1 kit; catalog number not isolated in catalog text — set of 8),"**Unstained, native** proteins (in solution or lyophilized)","**8 proteins**, range **12.4 – 450 kDa**",,,
SERVA,"serva.de (SERVA Electrophoresis GmbH, Heidelberg, Germany)",SERVA Native Marker Liquid Mix for BN/CN PAGE,(size 5 × 50 µL; catalog number not isolated in catalog text),"**Unstained, native**, ready-to-use liquid mix for Blue/Native PAGE","**6 native proteins**, range **21 – 720 kDa**",,,
SERVA,"serva.de (SERVA Electrophoresis GmbH, Heidelberg, Germany)",SERVA VisiBlot Standard I,**39260.01**,**Hybrid** — 3 prestained bands + 7 unstained IgG-binding bands for,"**10 recombinant proteins**, range **25 – 150 kDa**","25, 45, 85 (these three are **prestained**); remaining seven at",,
SMOBIO,www.smobio.com,ExcelBand™ All Blue Regular Range Protein Marker (PM1500),PM1500,"Pre-stained, single color (blue chromophore)",10,"180, 140, 100, 72, 60, 45, 35, 25, 15, 10",https://www.smobio.com/shop/product/pm1500-pm1500-excelbandtm-all-blue-regular-range-protein-marker-9-180-kda-250-l-x-2-251?category=10,SMOBIO_PM1500.pdf
SMOBIO,www.smobio.com,ExcelBand™ All Blue Regular Range Plus Protein Marker (PM1600),PM1600,"Pre-stained, single color (blue)",11,"10–180 kDa (range; 11 bands, similar to PM1500 plus an additional band)",https://www.smobio.com/shop/product/pm1600-pm1600-excelbandtm-all-blue-regular-range-plus-protein-marker-9-180-kda-250-l-x-2-249?category=10,SMOBIO_PM1600.pdf
SMOBIO,www.smobio.com,ExcelBand™ All Blue Broad Range Protein Marker (PM1700),PM1700,"Pre-stained, single color (blue); enhanced reference bands at 25 & 72 kDa",12,"240, 180, 140, 100, 72, 60, 45, 35, 25, 20, 15, 10",https://www.smobio.com/shop/product/pm1700-pm1700-excelbandtm-all-blue-broad-range-protein-marker-9-240-kda-250-l-x-2-247?category=10,SMOBIO_PM1700.pdf
SMOBIO,www.smobio.com,ExcelBand™ 3-color Regular Range Protein Marker (PM2500),PM2500,"Pre-stained, 3-color (blue/red/green); reference bands 25 kDa (green) & 75 kDa (red)",10,"180, 140, 100, 75 (red), 60, 45, 35, 25 (green), 15, 10",https://www.smobio.com/shop/product/pm2500-pm2500-excelbandtm-3-color-regular-range-protein-marker-9-180-kda-250-l-x-2-245?category=10,SMOBIO_PM2500.pdf
SMOBIO,www.smobio.com,ExcelBand™ Enhanced 3-color Regular Range Protein Marker (PM2510),PM2510 (also PM2511),"Pre-stained, enhanced 3-color",10,10–180 kDa (range; enhanced-brightness version of PM2500),https://www.smobio.com/shop/product/pm2510-pm2510-excelbandtm-enhanced-3-color-regular-range-protein-marker-9-180-kda-250-l-x-2-257?category=10,SMOBIO_PM2510.pdf
SMOBIO,www.smobio.com,ExcelBand™ 3-color High Range Protein Marker (PM2600),PM2600,"Pre-stained, 3-color; reference bands 25 kDa (green) & 75 kDa (red)",12,"245, 180, 140, 100, 75 (red), 60, 45, 35, 25 (green), 20, 15, 10",https://www.smobio.com/shop/product/pm2600-pm2600-excelbandtm-3-color-high-range-protein-marker-9-245-kda-250-l-x-2-236?category=10,SMOBIO_PM2600.pdf
SMOBIO,www.smobio.com,ExcelBand™ Enhanced 3-color High Range Protein Marker (PM2610),PM2610 (also PM2611),"Pre-stained, enhanced 3-color",12,10–245 kDa (range; enhanced-brightness version of PM2600),https://www.smobio.com/shop/product/pm2610-pm2610-excelbandtm-enhanced-3-color-high-range-protein-marker-9-245-kda-250-l-x-2-254?category=10,SMOBIO_PM2610.pdf
SMOBIO,www.smobio.com,ExcelBand™ 3-color Broad Range Protein Marker (PM2700),PM2700,"Pre-stained, 3-color; reference bands 25 kDa (green) & 75 kDa (red)",13,"245, 180, 140, 100, 75 (red), 60, 45, 35, 25 (green), 20, 15, 10, ~5",https://www.smobio.com/shop/product/pm2700-pm2700-excelbandtm-3-color-broad-range-protein-marker-3-5-245-kda-250-l-x-2-232?category=10,SMOBIO_PM2700.pdf
SMOBIO,www.smobio.com,ExcelBand™ 3-color Extra Range Protein Marker (PM2800),PM2800,"Pre-stained, 3-color; reference bands 25 kDa (green), 75 kDa & 310 kDa (red)",13,"~310 (red), 245, 180, 140, 100, 75 (red), 60, 45, 35, 25 (green), 20, 15, 10",https://www.smobio.com/shop/product/pm2800-pm2800-excelbandtm-3-color-extra-range-protein-marker-10-310-kda-250-l-x-2-234?category=10,SMOBIO_PM2800.pdf
SMOBIO,www.smobio.com,"ExcelBand™ 3-color Pre-Stained Protein Ladder, Regular Range (PM5000)",PM5000,"Pre-stained, 3-color ladder",13,"10–180 kDa (range; ""Ladder"" series with more bands than the standard markers)",https://www.smobio.com/shop/product/pm5000-pm5000-excelbandtm-3-color-pre-stained-protein-ladder-regular-range-9-180-kda-250-l-x-2-242?category=10,SMOBIO_PM5000.pdf
SMOBIO,www.smobio.com,"ExcelBand™ 3-color Pre-Stained Protein Ladder, High Range (PM5100)",PM5100,"Pre-stained, 3-color ladder",14,10–245 kDa (range),https://www.smobio.com/shop/product/pm5100-pm5100-excelbandtm-3-color-pre-stained-protein-ladder-high-range-9-245-kda-250-l-x-2-241?category=10,SMOBIO_PM5100.pdf
SMOBIO,www.smobio.com,"ExcelBand™ 3-color Pre-Stained Protein Ladder, Broad Range (PM5200)",PM5200,"Pre-stained, 3-color ladder; reference bands 40 kDa (green) & 75 kDa (red)",15,"245, 180, 140, 100, 75 (red), 60, 50, 40 (green), 35, 30, 25, 20, 15, 10, ~5",https://www.smobio.com/shop/product/pm5200-pm5200-excelbandtm-3-color-pre-stained-protein-ladder-broad-range-3-5-245-kda-250-l-x-2-238?category=10,SMOBIO_PM5200.pdf
SMOBIO,www.smobio.com,ProMetric™ TriColor Low Range Protein Ladder (PM6628),PM6628,"Pre-stained, tricolor; reference bands 10 kDa (green) & 40 kDa (red). Optimized for Tris-Tricine gels (low-MW range).",6,"2–40 kDa (range, 6 bands)",https://www.smobio.com/shop/product/pm6628-pm6628-prometrictm-tricolor-low-range-protein-ladder-2-to-40-kda-250-l-483?category=10,SMOBIO_PM6628.pdf
SMOBIO,www.smobio.com,YesBlot™ Western Marker I (WM1000),WM1000,Western blot marker (IgG-binding proteins for chemiluminescent/fluorescent detection) + 4 pre-stained bands. Reference bands 30 & 80 kDa.,14 total (10 IgG-binding Western bands 15–200 kDa + 4 pre-stained bands),"Pre-stained: 10, 25 (green), 45, 70 (pink). Western blot range: 15–200 kDa with enhanced bands at 30 & 80 kDa.",https://www.smobio.com/shop/product/wm1000-wm1000-yesblottm-western-marker-i-250-l-401?category=10,SMOBIO_WM1000.pdf
TIANGEN,tiangen.com,Proteo三色预染蛋白质Marker (Proteo Three-Color Pre-stained Protein Marker),MP211 / MP211-01,"预染 / Pre-stained, three-color",11,"10, 15, 20, 25, 30, 40, 50, 72, 100, 130, 180 (25 kDa = green; 72 kDa = orange-red)",https://www.tiangen.com/content/details_40_28504.html,TIANGEN_MP211_三色预染.pdf (https://pm-oss.tiangen.top/uploads/4972263.pdf)
TIANGEN,tiangen.com,"蛋白质Marker (Protein Marker, unstained)",MP102,"未染 / Unstained (native, Coomassie R-250 staining)",5,"14.4, 20.0, 45.0, 66.2, 94.0 (range 14.4–94.0 kDa)",https://www.tiangen.com/content/details_40_16421.html,TIANGEN_MP102_蛋白质Marker.pdf (https://pm-oss.tiangen.top/uploads/4991390.pdf)
TIANGEN,tiangen.com,预染蛋白质Marker Ⅲ (Pre-stained Protein Marker III),MP204,"预染 / Pre-stained, single-color",5,"18, 27, 45, 60, 94 (range 18–94 kDa)",https://www.tiangen.com/content/details_40_16419.html,TIANGEN_MP204_预染III.pdf (https://pm-oss.tiangen.top/uploads/4991392.pdf)
TIANGEN,tiangen.com,宽范围彩色预染蛋白质Marker (Wide Range Color Pre-stained Protein Marker),MP206,"预染 / Pre-stained, multi-color (wide range)",11,"11, 17, 25, 35, 48, 63, 75, 100, 135, 180, 245 (range 11–245 kDa)",https://www.tiangen.com/content/details_40_16417.html,TIANGEN_MP206_宽范围彩色预染.pdf (https://pm-oss.tiangen.top/uploads/4994096.pdf)
ThermoFisher,https://www.thermofisher.com (China mirror served: thermofisher.cn — all thermofisher.com product URLs 301-redirect to thermofisher.cn in this environment),PageRuler Prestained Protein Ladder,26616,"Prestained (3-color: blue, orange, green; reference bands at 25 & 70 kDa intensified)",10,"10, 15, 25, 35, 40, 55, 70, 100, 130, 180",https://www.thermofisher.com/order/catalog/product/26616,pdfs/ThermoFisher_PageRuler_26616_UG.pdf ✓
ThermoFisher,https://www.thermofisher.com (China mirror served: thermofisher.cn — all thermofisher.com product URLs 301-redirect to thermofisher.cn in this environment),PageRuler Plus Prestained Protein Ladder,26620,"Prestained (3-color: blue, orange, green)",9,"10, 15, 25, 35, 55, 70, 100, 130, 250",https://www.thermofisher.com/order/catalog/product/26620,pdfs/ThermoFisher_PageRulerPlus_26620_UG.pdf ✓
ThermoFisher,https://www.thermofisher.com (China mirror served: thermofisher.cn — all thermofisher.com product URLs 301-redirect to thermofisher.cn in this environment),PageRuler Unstained Protein Ladder,26614,Unstained,14,"10, 15, 20, 25, 30, 40, 50, 60, 70, 85, 100, 120, 150, 200",https://www.thermofisher.com/order/catalog/product/26614,pdfs/ThermoFisher_PageRuler_Unstained_26614_UG.pdf ✓
ThermoFisher,https://www.thermofisher.com (China mirror served: thermofisher.cn — all thermofisher.com product URLs 301-redirect to thermofisher.cn in this environment),PageRuler Unstained Broad Range Protein Ladder,26630,Unstained,11,"5, 10, 15, 20, 30, 40, 50, 70, 100, 150, 250",https://www.thermofisher.com/order/catalog/product/26630,pdfs/ThermoFisher_PageRuler_Broad_26630_UG.pdf ✓
ThermoFisher,https://www.thermofisher.com (China mirror served: thermofisher.cn — all thermofisher.com product URLs 301-redirect to thermofisher.cn in this environment),PageRuler Unstained Low Range Protein Ladder,26632,Unstained,8,"3.4, 5, 10, 15, 20, 25, 30, 100",https://www.thermofisher.com/order/catalog/product/26632,pdfs/ThermoFisher_PageRuler_LowRange_26632_UG.pdf ✓
ThermoFisher,https://www.thermofisher.com (China mirror served: thermofisher.cn — all thermofisher.com product URLs 301-redirect to thermofisher.cn in this environment),Spectra Multicolor Broad Range Protein Ladder,26634,Prestained (4-color),10,"10, 15, 25, 35, 40, 50, 70, 100, 140, 260",https://www.thermofisher.com/order/catalog/product/26634,pdfs/ThermoFisher_Spectra_26634_UG.pdf ✓
ThermoFisher,https://www.thermofisher.com (China mirror served: thermofisher.cn — all thermofisher.com product URLs 301-redirect to thermofisher.cn in this environment),Pierce Prestained Protein MW Marker,26612,Prestained (6 blue-stained natural proteins),6,"20, 25, 35, 50, 85, 120",https://www.thermofisher.com/order/catalog/product/26612,pdfs/ThermoFisher_Pierce_26612_UG.pdf ✓
ThermoFisher,https://www.thermofisher.com (China mirror served: thermofisher.cn — all thermofisher.com product URLs 301-redirect to thermofisher.cn in this environment),Novex Sharp Prestained Protein Standard,LC5800,Prestained,12,"3.5, 10, 15, 20, 30, 40, 50, 60, 80, 110, 160, 260",https://www.thermofisher.com/order/catalog/product/LC5800,pdfs/ThermoFisher_NovexSharp_LC5800_UG.pdf ✓
ThermoFisher,https://www.thermofisher.com (China mirror served: thermofisher.cn — all thermofisher.com product URLs 301-redirect to thermofisher.cn in this environment),SeeBlue Plus2 Prestained Protein Standard,LC5925,"Prestained (3-color: blue, yellow, pink)",10 (range 3–250 kDa),"3, 6, 14, 17, 28, 38, 49, 62, 98, 198",https://www.thermofisher.com/order/catalog/product/LC5925,pdfs/ThermoFisher_SeeBluePlus2_LC5925_manual.pdf ✓
ThermoFisher,https://www.thermofisher.com (China mirror served: thermofisher.cn — all thermofisher.com product URLs 301-redirect to thermofisher.cn in this environment),MagicMark XP Western Protein Standard,LC5602,Unstained (Western standard; for chemiluminescent/fluorescent detection on western blots),9,"20, 30, 40, 50, 60, 80, 100, 120, 220",https://www.thermofisher.com/order/catalog/product/LC5602,pdfs/ThermoFisher_MagicMarkXP_LC5602_UG.pdf ✓
ThermoFisher,https://www.thermofisher.com (China mirror served: thermofisher.cn — all thermofisher.com product URLs 301-redirect to thermofisher.cn in this environment),HiMark Prestained Protein Standard,LC5699,"Prestained (dual-color: purple, pink; for high-MW native/SDS-PAGE)",9 (range 30–460 kDa),"31, 41, 55, 71, 117, 171, 238, 268, 460",https://www.thermofisher.com/order/catalog/product/LC5699,pdfs/ThermoFisher_HiMark_LC5699_manual.pdf ✓
TransGen_Biotech,transgenbiotech.com,ProteinRuler® I (12-80 kDa),DR101-01 / DR101-02,Unstained recombinant proteins + 1 blue prestained reference band (12 kDa),6,"12 (blue prestained), 20, 30, 40 (2x intensity), 60, 80",https://www.transgenbiotech.com/unstained_protein_marker/proteinruler_i_12_80_kda.html,TransGen_DR101_ProteinRuler_I.pdf (https://www.transgenbiotech.com/download/pdf/1/DR101_400/DR101.pdf)
TransGen_Biotech,transgenbiotech.com,ProteinRuler® II (12-120 kDa),DR201-01 / DR201-02,Unstained recombinant proteins + 1 blue prestained reference band (12 kDa),9,"12 (blue prestained), 20, 30, 40, 50 (2x intensity), 60, 80, 100, 120",https://www.transgenbiotech.com/unstained_protein_marker/proteinruler_ii_12_120_kda.html,TransGen_DR201_ProteinRuler_II.pdf (https://www.transgenbiotech.com/download/pdf/1/DR201_403/DR201.pdf)
TransGen_Biotech,transgenbiotech.com,ProteinRuler® IV (30-200 kDa),DR401-01 / DR401-02,Unstained recombinant proteins + 1 blue prestained reference band (30 kDa),7,"30 (blue prestained), 40, 60, 80, 100 (2x intensity), 150, 200",https://www.transgenbiotech.com/unstained_protein_marker/proteinruler_iv_30_200_kda.html,TransGen_DR401_ProteinRuler_IV.pdf (https://www.transgenbiotech.com/download/pdf/1/DR401_407/DR401.pdf)
TransGen_Biotech,transgenbiotech.com,Blue Plus® Protein Marker (14-100 kDa),DM101-01 / DM101-02,"Prestained, multi-color (50 kDa = orange, 14 kDa = yellow, others blue)","7 (range 14–100 kDa; reference bands 14 kDa yellow, 50 kDa orange)","14, 25, 35, 45, 50, 70, 100 (typical Blue Plus I ladder; image-only PDF)",https://www.transgenbiotech.com/prestained_protein_marker/blue_plus_protein_marker_14_100_kda.html,- PDF: TransGen_DM101_BluePlus_I.pdf (https://www.transgenbiotech.com/download/pdf/1/DM101_408/DM101.pdf)
TransGen_Biotech,transgenbiotech.com,Blue Plus® II Protein Marker (14-120 kDa),DM111-01 / DM111-02,"Prestained, multi-color (50 & 120 kDa = orange, 14 kDa = yellow, others blue)",8 (range 14–120 kDa),"14, 25, 35, 45, 50, 70, 100, 120",https://www.transgenbiotech.com/prestained_protein_marker/blue_plus_ii_protein_marker_14_120_kda.html,TransGen_DM111_BluePlus_II.pdf (https://www.transgenbiotech.com/download/pdf/1/DM111_411/DM111.pdf)
TransGen_Biotech,transgenbiotech.com,Blue Plus® V Protein Marker (10-190 kDa),DM141-01 / DM141-02 / DM141-03,"Prestained, multi-color (70 kDa = orange, 20 kDa = green, others blue)",10 (range 10–190 kDa),"10, 20, 30, 40, 50, 70, 100, 130, 170, 190",https://www.transgenbiotech.com/prestained_protein_marker/blue_plus_v_protein_marker_10_190_kda.html,TransGen_DM141_BluePlus_V.pdf (https://www.transgenbiotech.com/download/pdf/1/DM141_414/DM141.pdf)
TransGen_Biotech,transgenbiotech.com,Blue Plus® VI Protein Marker (10-250 kDa),DM151-01 / DM151-02 / DM151-03,"Prestained, multi-color (72 kDa = orange, 25 kDa = green, others blue)",11 (range 10–250 kDa),"10, 15, 25, 35, 48, 72, 100, 130, 180, 240, 250",https://www.transgenbiotech.com/prestained_protein_marker/2630.html,TransGen_DM151_BluePlus_VI.pdf (https://www.transgenbiotech.com/download/pdf/1/DM151_750/DM151.pdf)
TransGen_Biotech,transgenbiotech.com,EasySee® Western Marker (25-90 kDa),DM201-01 / DM201-02,"Hybrid — 3 prestained bands (25, 45, 85 kDa) + 5 unstained IgG-binding bands (chemiluminescent/secondary-antibody detectable)",8 (range 25–90 kDa),"25 (prestained), 30, 40, 45 (prestained), 50, 60, 70, 85 (prestained), 90",https://www.transgenbiotech.com/western_protein_marker/easysee_western_marker_25_90_kda.html,TransGen_DM201_EasySee_Western.pdf (https://www.transgenbiotech.com/download/pdf/1/DM201_417/DM201.pdf)
UBPBio,ubpbio.com,M-XStable Prestained Protein Ladder,"L2010 (500 µl), L2011 (6 × 500 µl)","Prestained, three-color protein standard",10,"Range ~10–180 kDa. Reference bands: green at 25 kDa, red at 75 kDa; remaining 8 bands blue. (Individual band masses depicted in datasheet migration chart.)",https://www.ubpbio.com/index.php/product/dna-protein-ladders/m-xstable-prestained-protein-ladder.html,"UBPBio_MXstable_L2010_Datasheet.pdf, UBPBio_MXstable_L2010_MSDS.pdf"
UBPBio,ubpbio.com,H-XStable Prestained Protein Ladder,"L2020 (500 µl), L2021 (6 × 500 µl)","Prestained, three-color protein standard",12,"Range ~10–245 kDa. Reference bands: green at 25 kDa, red at 75 kDa; remaining 10 bands blue. (Individual band masses depicted in datasheet migration chart.)",https://www.ubpbio.com/index.php/product/dna-protein-ladders/h-xstable-prestained-protein-ladder.html,"UBPBio_HXstable_L2020_Datasheet.pdf, UBPBio_HXstable_L2020_MSDS.pdf"
Vazyme,bio.vazyme.com (corporate: www.vazyme.com),250 kDa Plus Prestained Protein Marker,MP202-01 / MP202-02,"Prestained, three-color (25 kDa = green, 70 kDa = orange-red, others blue)",11,"12, 15, 20, 25, 35, 40, 55, 70, 100, 130, 250 (range 12–250 kDa)",https://bio.vazyme.com/product/752.html,Vazyme_MP202_250kDa_Plus_Prestained.pdf (https://v4.cecdn.yun300.cn/100001_2005205005/MP202（单页版说明书）V23.1(2).pdf)
Vazyme,bio.vazyme.com (corporate: www.vazyme.com),180 kDa Plus Prestained Protein Marker,MP201-01 / MP201-02,"Prestained, three-color (25 kDa = green, 70 kDa = orange-red, others blue)",11,"12, 15, 20, 25, 35, 40, 55, 70, 100, 130, 180 (range 12–180 kDa)",https://bio.vazyme.com/product/751.html,Vazyme_MP201_180kDa_Plus_Prestained.pdf (https://v4.cecdn.yun300.cn/100001_2005205005/MP201（单页版说明书）V23.1.pdf)
Vazyme,bio.vazyme.com (corporate: www.vazyme.com),180 kDa Prestained Protein Marker,MP102-01 / MP102-02,"Prestained, three-color (10 kDa = green, 70 kDa = red, others blue)",10,"10, 15, 25, 35, 40, 55, 70, 100, 130, 180 (range 10–180 kDa)",https://bio.vazyme.com/product/327.html,Vazyme_MP102_180kDa_Prestained.pdf (https://v1.cecdn.yun300.cn/100001_2005205005/MP102-说明书V20.1.pdf)
biotechrabbit,"biotechrabbit.com (biotechrabbit GmbH, Berlin, Germany)",TriColor Broad Protein Ladder (3.5-245 kDa),"BR0900101 (100 lanes, 2 × 250 µl)","Ready-to-use prestained protein ladder, three-color (tricolor)",13,Range 3.5–245 kDa. Two colored reference bands at ~25 kDa and ~75 kDa. (Individual 13 band masses shown in migration-chart image in PIN PDF.),https://www.biotechrabbit.com/products/electrophoresis-ladders/protein-electrophoresis/tricolor-broad-protein-ladder-ready-to-use-3-5-245-kda.html,- PDF: biotechrabbit_TriColorBroad_BR0900101_PIN.pdf
biotechrabbit,"biotechrabbit.com (biotechrabbit GmbH, Berlin, Germany)",TriColor Protein Ladder (10-180 kDa),"BR0900201 (100 lanes, 2 × 250 µl)","Ready-to-use prestained protein ladder, three-color (tricolor)",10,Range 10–180 kDa. Two colored reference bands at ~25 kDa and ~75 kDa. (Individual 10 band masses shown in migration-chart image in PIN PDF.),https://www.biotechrabbit.com/products/electrophoresis-ladders/protein-electrophoresis/tricolor-protein-ladder-ready-to-use-10-180-kda.html,- PDF: biotechrabbit_TriColor_BR0900201_PIN.pdf
